order_id,customer_id,customer_location,customer_region,product_sku,product_name,quantity,order_value,customer_tier,order_date,promised_delivery_date
ORD-1001,CUST-0001,Cagayan de Oro,Mindanao,SKU-HEADSET-004,Wireless Headset,1,4818,Bronze,2026-07-03,2026-07-05
ORD-1002,CUST-0002,Pasig City,Metro Manila,SKU-LAPTOP-001,Laptop Pro 14,1,46930,Platinum,2026-06-30,2026-07-01
ORD-1003,CUST-0003,Tacloban City,Visayas,SKU-TABLET-003,Tablet Air,4,85404,Platinum,2026-07-02,2026-07-04
ORD-1004,CUST-0004,San Fernando,Luzon,SKU-SSD-012,External SSD,1,10016,Platinum,2026-06-29,2026-07-02
ORD-1005,CUST-0005,Taguig City,Metro Manila,SKU-TABLET-003,Tablet Air,1,22629,Platinum,2026-07-01,2026-07-03
ORD-1006,CUST-0006,Cagayan de Oro,Mindanao,SKU-HEADSET-004,Wireless Headset,2,9612,Platinum,2026-07-06,2026-07-08
ORD-1007,CUST-0007,Makati City,Metro Manila,SKU-PHONE-002,Smartphone X,2,58813,Gold,2026-06-29,2026-06-30
ORD-1008,CUST-0008,Tacloban City,Visayas,SKU-TABLET-003,Tablet Air,2,42439,Silver,2026-07-05,2026-07-08
ORD-1009,CUST-0009,Manila,Metro Manila,SKU-PRINTER-009,Office Printer,1,16242,Silver,2026-07-01,2026-07-03
ORD-1010,CUST-0010,General Santos,Mindanao,SKU-LAPTOP-001,Laptop Pro 14,3,143420,Bronze,2026-07-02,2026-07-05
ORD-1011,CUST-0011,San Fernando,Luzon,SKU-KEYBOARD-007,Mechanical Keyboard,5,33384,Gold,2026-07-02,2026-07-06
ORD-1012,CUST-0012,Cebu City,Visayas,SKU-KEYBOARD-007,Mechanical Keyboard,1,6221,Gold,2026-07-04,2026-07-08
ORD-1013,CUST-0013,Bacolod City,Visayas,SKU-MONITOR-005,27-inch Monitor,1,15393,Gold,2026-07-05,2026-07-09
ORD-1014,CUST-0014,Bacolod City,Visayas,SKU-HEADSET-004,Wireless Headset,3,14354,Silver,2026-07-03,2026-07-07
ORD-1015,CUST-0015,Bacolod City,Visayas,SKU-LAPTOP-001,Laptop Pro 14,2,103266,Silver,2026-07-03,2026-07-07
ORD-1016,CUST-0016,Tacloban City,Visayas,SKU-CAMERA-006,Action Camera,2,75269,Silver,2026-07-04,2026-07-09
ORD-1017,CUST-0017,Tacloban City,Visayas,SKU-TABLET-003,Tablet Air,2,44285,Platinum,2026-06-29,2026-06-30
ORD-1018,CUST-0018,Cagayan de Oro,Mindanao,SKU-KEYBOARD-007,Mechanical Keyboard,2,12086,Silver,2026-07-05,2026-07-09
ORD-1019,CUST-0019,Makati City,Metro Manila,SKU-SSD-012,External SSD,1,9399,Silver,2026-07-02,2026-07-04
ORD-1020,CUST-0020,Cagayan de Oro,Mindanao,SKU-ROUTER-010,WiFi Router,1,8811,Gold,2026-07-03,2026-07-06
ORD-1021,CUST-0021,Cagayan de Oro,Mindanao,SKU-KEYBOARD-007,Mechanical Keyboard,2,13295,Silver,2026-07-02,2026-07-04
ORD-1022,CUST-0022,Cebu City,Visayas,SKU-ROUTER-010,WiFi Router,2,16614,Silver,2026-06-29,2026-07-01
ORD-1023,CUST-0023,Cagayan de Oro,Mindanao,SKU-MOUSE-008,Gaming Mouse,1,3761,Gold,2026-07-06,2026-07-10
ORD-1024,CUST-0024,Cebu City,Visayas,SKU-SPEAKER-011,Bluetooth Speaker,1,7731,Silver,2026-07-04,2026-07-05
ORD-1025,CUST-0025,Bacolod City,Visayas,SKU-SPEAKER-011,Bluetooth Speaker,1,7069,Gold,2026-07-01,2026-07-02
ORD-1026,CUST-0026,Batangas City,Luzon,SKU-ROUTER-010,WiFi Router,3,26133,Bronze,2026-07-05,2026-07-09
ORD-1027,CUST-0027,Zamboanga City,Mindanao,SKU-MOUSE-008,Gaming Mouse,1,3716,Bronze,2026-06-29,2026-07-03
ORD-1028,CUST-0028,Taguig City,Metro Manila,SKU-KEYBOARD-007,Mechanical Keyboard,1,6090,Gold,2026-07-06,2026-07-07
ORD-1029,CUST-0029,Taguig City,Metro Manila,SKU-MOUSE-008,Gaming Mouse,1,3730,Silver,2026-07-04,2026-07-09
ORD-1030,CUST-0030,Tagaytay,Luzon,SKU-KEYBOARD-007,Mechanical Keyboard,3,18817,Silver,2026-07-01,2026-07-04
ORD-1031,CUST-0031,Tacloban City,Visayas,SKU-HEADSET-004,Wireless Headset,3,13306,Silver,2026-07-06,2026-07-09
ORD-1032,CUST-0032,Pasig City,Metro Manila,SKU-SSD-012,External SSD,1,9412,Silver,2026-07-04,2026-07-08
ORD-1033,CUST-0033,Manila,Metro Manila,SKU-HEADSET-004,Wireless Headset,1,4513,Bronze,2026-07-02,2026-07-03
ORD-1034,CUST-0034,San Fernando,Luzon,SKU-MOUSE-008,Gaming Mouse,1,3675,Bronze,2026-07-05,2026-07-07
ORD-1035,CUST-0035,Quezon City,Metro Manila,SKU-ROUTER-010,WiFi Router,1,8505,Bronze,2026-07-04,2026-07-06
ORD-1036,CUST-0036,Baguio City,Luzon,SKU-PRINTER-009,Office Printer,2,33506,Silver,2026-07-02,2026-07-04
ORD-1037,CUST-0037,Batangas City,Luzon,SKU-LAPTOP-001,Laptop Pro 14,1,50844,Gold,2026-07-05,2026-07-08
ORD-1038,CUST-0038,Manila,Metro Manila,SKU-ROUTER-010,WiFi Router,1,8548,Platinum,2026-06-29,2026-06-30
ORD-1039,CUST-0039,Clark,Luzon,SKU-TABLET-003,Tablet Air,1,21865,Silver,2026-07-02,2026-07-04
ORD-1040,CUST-0040,Zamboanga City,Mindanao,SKU-MONITOR-005,27-inch Monitor,2,29323,Gold,2026-07-03,2026-07-07
ORD-1041,CUST-0041,San Fernando,Luzon,SKU-LAPTOP-001,Laptop Pro 14,5,248334,Silver,2026-06-30,2026-07-04
ORD-1042,CUST-0042,Quezon City,Metro Manila,SKU-HEADSET-004,Wireless Headset,1,4552,Bronze,2026-07-01,2026-07-03
ORD-1043,CUST-0043,Taguig City,Metro Manila,SKU-ROUTER-010,WiFi Router,4,33041,Silver,2026-07-03,2026-07-07
ORD-1044,CUST-0044,Taguig City,Metro Manila,SKU-TABLET-003,Tablet Air,4,90187,Bronze,2026-06-29,2026-07-04
ORD-1045,CUST-0045,Zamboanga City,Mindanao,SKU-KEYBOARD-007,Mechanical Keyboard,4,26050,Bronze,2026-07-02,2026-07-03
ORD-1046,CUST-0046,Taguig City,Metro Manila,SKU-ROUTER-010,WiFi Router,2,16302,Silver,2026-07-05,2026-07-08
ORD-1047,CUST-0047,Cagayan de Oro,Mindanao,SKU-LAPTOP-001,Laptop Pro 14,3,143580,Gold,2026-06-30,2026-07-02
ORD-1048,CUST-0048,Clark,Luzon,SKU-SSD-012,External SSD,1,10481,Bronze,2026-07-03,2026-07-06
ORD-1049,CUST-0049,Batangas City,Luzon,SKU-MOUSE-008,Gaming Mouse,1,3436,Gold,2026-07-03,2026-07-05
ORD-1050,CUST-0050,Pasig City,Metro Manila,SKU-MONITOR-005,27-inch Monitor,3,45103,Bronze,2026-07-06,2026-07-09
ORD-1051,CUST-0051,Cagayan de Oro,Mindanao,SKU-LAPTOP-001,Laptop Pro 14,1,50578,Silver,2026-07-06,2026-07-08
ORD-1052,CUST-0052,Cagayan de Oro,Mindanao,SKU-MONITOR-005,27-inch Monitor,3,44246,Gold,2026-07-03,2026-07-06
ORD-1053,CUST-0053,Iloilo City,Visayas,SKU-PHONE-002,Smartphone X,1,28951,Silver,2026-07-02,2026-07-05
ORD-1054,CUST-0054,Batangas City,Luzon,SKU-MOUSE-008,Gaming Mouse,2,6871,Bronze,2026-07-02,2026-07-04
ORD-1055,CUST-0055,General Santos,Mindanao,SKU-MOUSE-008,Gaming Mouse,2,7062,Silver,2026-07-04,2026-07-06
ORD-1056,CUST-0056,Davao City,Mindanao,SKU-MONITOR-005,27-inch Monitor,1,14785,Gold,2026-07-04,2026-07-05
ORD-1057,CUST-0057,Cebu City,Visayas,SKU-HEADSET-004,Wireless Headset,1,4762,Silver,2026-07-03,2026-07-08
ORD-1058,CUST-0058,Davao City,Mindanao,SKU-HEADSET-004,Wireless Headset,1,4844,Silver,2026-07-01,2026-07-03
ORD-1059,CUST-0059,San Fernando,Luzon,SKU-MONITOR-005,27-inch Monitor,2,27596,Bronze,2026-07-06,2026-07-07
ORD-1060,CUST-0060,Davao City,Mindanao,SKU-MOUSE-008,Gaming Mouse,1,3717,Silver,2026-06-29,2026-07-01
ORD-1061,CUST-0061,Taguig City,Metro Manila,SKU-PHONE-002,Smartphone X,1,29552,Bronze,2026-06-29,2026-06-30
ORD-1062,CUST-0062,Davao City,Mindanao,SKU-PHONE-002,Smartphone X,5,147391,Bronze,2026-07-05,2026-07-08
ORD-1063,CUST-0063,Bacolod City,Visayas,SKU-PRINTER-009,Office Printer,1,18337,Platinum,2026-07-03,2026-07-07
ORD-1064,CUST-0064,Davao City,Mindanao,SKU-ROUTER-010,WiFi Router,2,16609,Gold,2026-06-30,2026-07-05
ORD-1065,CUST-0065,Iloilo City,Visayas,SKU-MONITOR-005,27-inch Monitor,2,28140,Bronze,2026-07-01,2026-07-04
ORD-1066,CUST-0066,Baguio City,Luzon,SKU-MOUSE-008,Gaming Mouse,2,7293,Silver,2026-06-29,2026-07-01
ORD-1067,CUST-0067,Clark,Luzon,SKU-PHONE-002,Smartphone X,2,57164,Platinum,2026-07-02,2026-07-04
ORD-1068,CUST-0068,Manila,Metro Manila,SKU-MONITOR-005,27-inch Monitor,3,44689,Bronze,2026-07-01,2026-07-05
ORD-1069,CUST-0069,Davao City,Mindanao,SKU-MOUSE-008,Gaming Mouse,1,3552,Gold,2026-07-05,2026-07-10
ORD-1070,CUST-0070,Batangas City,Luzon,SKU-MOUSE-008,Gaming Mouse,1,3599,Bronze,2026-07-05,2026-07-08
ORD-1071,CUST-0071,Quezon City,Metro Manila,SKU-PHONE-002,Smartphone X,1,29047,Gold,2026-06-29,2026-07-04
ORD-1072,CUST-0072,Tacloban City,Visayas,SKU-ROUTER-010,WiFi Router,1,8563,Gold,2026-07-06,2026-07-09
ORD-1073,CUST-0073,Tacloban City,Visayas,SKU-TABLET-003,Tablet Air,5,111221,Silver,2026-07-06,2026-07-11
ORD-1074,CUST-0074,Baguio City,Luzon,SKU-CAMERA-006,Action Camera,1,40566,Bronze,2026-07-01,2026-07-03
ORD-1075,CUST-0075,Davao City,Mindanao,SKU-SPEAKER-011,Bluetooth Speaker,4,28537,Gold,2026-06-29,2026-07-01
ORD-1076,CUST-0076,Cagayan de Oro,Mindanao,SKU-PHONE-002,Smartphone X,5,142875,Silver,2026-06-29,2026-07-02
ORD-1077,CUST-0077,Baguio City,Luzon,SKU-LAPTOP-001,Laptop Pro 14,1,50342,Silver,2026-07-06,2026-07-09
ORD-1078,CUST-0078,Iloilo City,Visayas,SKU-MONITOR-005,27-inch Monitor,1,14688,Platinum,2026-07-06,2026-07-10
ORD-1079,CUST-0079,Quezon City,Metro Manila,SKU-SPEAKER-011,Bluetooth Speaker,2,13705,Bronze,2026-07-01,2026-07-03
ORD-1080,CUST-0080,Baguio City,Luzon,SKU-PHONE-002,Smartphone X,1,27027,Gold,2026-06-30,2026-07-02
ORD-1081,CUST-0081,Manila,Metro Manila,SKU-MOUSE-008,Gaming Mouse,4,14178,Silver,2026-07-03,2026-07-05
ORD-1082,CUST-0082,Batangas City,Luzon,SKU-HEADSET-004,Wireless Headset,1,4572,Bronze,2026-07-02,2026-07-07
ORD-1083,CUST-0083,Manila,Metro Manila,SKU-PHONE-002,Smartphone X,1,29467,Gold,2026-07-05,2026-07-07
ORD-1084,CUST-0084,Tacloban City,Visayas,SKU-LAPTOP-001,Laptop Pro 14,1,48386,Silver,2026-07-06,2026-07-10
ORD-1085,CUST-0085,Batangas City,Luzon,SKU-CAMERA-006,Action Camera,1,38681,Gold,2026-07-05,2026-07-07
ORD-1086,CUST-0086,Iloilo City,Visayas,SKU-SSD-012,External SSD,1,10258,Silver,2026-07-05,2026-07-06
ORD-1087,CUST-0087,Zamboanga City,Mindanao,SKU-KEYBOARD-007,Mechanical Keyboard,5,29599,Gold,2026-07-01,2026-07-03
ORD-1088,CUST-0088,Tagaytay,Luzon,SKU-ROUTER-010,WiFi Router,1,9081,Bronze,2026-07-06,2026-07-07
ORD-1089,CUST-0089,Quezon City,Metro Manila,SKU-SSD-012,External SSD,1,10305,Platinum,2026-07-01,2026-07-02
ORD-1090,CUST-0090,Tacloban City,Visayas,SKU-CAMERA-006,Action Camera,2,82742,Silver,2026-06-30,2026-07-04
ORD-1091,CUST-0091,San Fernando,Luzon,SKU-KEYBOARD-007,Mechanical Keyboard,4,23675,Gold,2026-07-06,2026-07-10
ORD-1092,CUST-0092,Pasig City,Metro Manila,SKU-HEADSET-004,Wireless Headset,2,9057,Platinum,2026-07-02,2026-07-05
ORD-1093,CUST-0093,Taguig City,Metro Manila,SKU-SPEAKER-011,Bluetooth Speaker,2,15371,Bronze,2026-07-01,2026-07-04
ORD-1094,CUST-0094,Makati City,Metro Manila,SKU-CAMERA-006,Action Camera,2,76576,Silver,2026-07-04,2026-07-06
ORD-1095,CUST-0095,Baguio City,Luzon,SKU-ROUTER-010,WiFi Router,2,18074,Bronze,2026-07-01,2026-07-02
ORD-1096,CUST-0096,Bacolod City,Visayas,SKU-MOUSE-008,Gaming Mouse,3,10602,Bronze,2026-07-06,2026-07-09
ORD-1097,CUST-0097,Quezon City,Metro Manila,SKU-MOUSE-008,Gaming Mouse,3,11265,Gold,2026-07-01,2026-07-02
ORD-1098,CUST-0098,Davao City,Mindanao,SKU-SPEAKER-011,Bluetooth Speaker,4,28105,Gold,2026-07-06,2026-07-10
ORD-1099,CUST-0099,Zamboanga City,Mindanao,SKU-MOUSE-008,Gaming Mouse,1,3776,Silver,2026-07-04,2026-07-07
ORD-1100,CUST-0100,Davao City,Mindanao,SKU-LAPTOP-001,Laptop Pro 14,5,254990,Gold,2026-07-03,2026-07-04
ORD-1101,CUST-0101,Makati City,Metro Manila,SKU-ROUTER-010,WiFi Router,2,16658,Gold,2026-07-03,2026-07-07
ORD-1102,CUST-0102,General Santos,Mindanao,SKU-HEADSET-004,Wireless Headset,2,9606,Gold,2026-07-01,2026-07-04
ORD-1103,CUST-0103,Makati City,Metro Manila,SKU-MONITOR-005,27-inch Monitor,2,27889,Bronze,2026-07-04,2026-07-07
ORD-1104,CUST-0104,Davao City,Mindanao,SKU-CAMERA-006,Action Camera,2,82987,Bronze,2026-07-01,2026-07-05
ORD-1105,CUST-0105,General Santos,Mindanao,SKU-PRINTER-009,Office Printer,1,17972,Silver,2026-07-01,2026-07-03
ORD-1106,CUST-0106,Batangas City,Luzon,SKU-MONITOR-005,27-inch Monitor,2,27833,Silver,2026-06-30,2026-07-02
ORD-1107,CUST-0107,Bacolod City,Visayas,SKU-SPEAKER-011,Bluetooth Speaker,2,14418,Platinum,2026-07-04,2026-07-05
ORD-1108,CUST-0108,Tacloban City,Visayas,SKU-PRINTER-009,Office Printer,1,17967,Silver,2026-07-03,2026-07-06
ORD-1109,CUST-0109,General Santos,Mindanao,SKU-PHONE-002,Smartphone X,2,54811,Silver,2026-07-04,2026-07-09
ORD-1110,CUST-0110,Pasig City,Metro Manila,SKU-SPEAKER-011,Bluetooth Speaker,3,20847,Platinum,2026-07-03,2026-07-06
ORD-1111,CUST-0111,Makati City,Metro Manila,SKU-LAPTOP-001,Laptop Pro 14,1,48954,Silver,2026-06-30,2026-07-02
ORD-1112,CUST-0112,Zamboanga City,Mindanao,SKU-MOUSE-008,Gaming Mouse,1,3655,Platinum,2026-07-05,2026-07-08
ORD-1113,CUST-0113,Baguio City,Luzon,SKU-SPEAKER-011,Bluetooth Speaker,1,7101,Silver,2026-07-05,2026-07-10
ORD-1114,CUST-0114,General Santos,Mindanao,SKU-HEADSET-004,Wireless Headset,1,4676,Platinum,2026-07-04,2026-07-05
ORD-1115,CUST-0115,San Fernando,Luzon,SKU-SPEAKER-011,Bluetooth Speaker,1,7728,Silver,2026-07-02,2026-07-07
ORD-1116,CUST-0116,Clark,Luzon,SKU-PHONE-002,Smartphone X,2,55627,Gold,2026-06-29,2026-06-30
ORD-1117,CUST-0117,Manila,Metro Manila,SKU-ROUTER-010,WiFi Router,1,8973,Gold,2026-07-02,2026-07-05
ORD-1118,CUST-0118,Bacolod City,Visayas,SKU-CAMERA-006,Action Camera,2,84078,Gold,2026-06-29,2026-07-01
ORD-1119,CUST-0119,Manila,Metro Manila,SKU-PRINTER-009,Office Printer,1,16941,Bronze,2026-06-29,2026-06-30
ORD-1120,CUST-0120,Bacolod City,Visayas,SKU-ROUTER-010,WiFi Router,1,8540,Bronze,2026-06-29,2026-06-30
ORD-1121,CUST-0121,Taguig City,Metro Manila,SKU-SSD-012,External SSD,1,9448,Silver,2026-07-04,2026-07-07
ORD-1122,CUST-0122,Tagaytay,Luzon,SKU-HEADSET-004,Wireless Headset,4,19355,Bronze,2026-07-03,2026-07-05
ORD-1123,CUST-0123,Makati City,Metro Manila,SKU-MOUSE-008,Gaming Mouse,3,11216,Silver,2026-06-30,2026-07-02
ORD-1124,CUST-0124,Pasig City,Metro Manila,SKU-PHONE-002,Smartphone X,1,28904,Bronze,2026-07-01,2026-07-03
ORD-1125,CUST-0125,San Fernando,Luzon,SKU-SSD-012,External SSD,1,10081,Platinum,2026-07-03,2026-07-05
ORD-1126,CUST-0126,Taguig City,Metro Manila,SKU-SSD-012,External SSD,1,10441,Gold,2026-07-02,2026-07-04
ORD-1127,CUST-0127,Baguio City,Luzon,SKU-CAMERA-006,Action Camera,3,115903,Silver,2026-06-30,2026-07-02
ORD-1128,CUST-0128,Tacloban City,Visayas,SKU-CAMERA-006,Action Camera,4,165068,Gold,2026-07-06,2026-07-07
ORD-1129,CUST-0129,Pasig City,Metro Manila,SKU-KEYBOARD-007,Mechanical Keyboard,1,6362,Gold,2026-07-01,2026-07-04
ORD-1130,CUST-0130,San Fernando,Luzon,SKU-PRINTER-009,Office Printer,1,18229,Bronze,2026-07-04,2026-07-08
ORD-1131,CUST-0131,Baguio City,Luzon,SKU-SSD-012,External SSD,1,10046,Silver,2026-07-03,2026-07-05
ORD-1132,CUST-0132,Iloilo City,Visayas,SKU-TABLET-003,Tablet Air,2,44981,Bronze,2026-06-30,2026-07-02
ORD-1133,CUST-0133,Taguig City,Metro Manila,SKU-MONITOR-005,27-inch Monitor,2,30030,Gold,2026-06-29,2026-07-02
ORD-1134,CUST-0134,Tacloban City,Visayas,SKU-LAPTOP-001,Laptop Pro 14,1,47790,Gold,2026-07-03,2026-07-08
ORD-1135,CUST-0135,Cebu City,Visayas,SKU-TABLET-003,Tablet Air,2,47358,Silver,2026-07-01,2026-07-04
ORD-1136,CUST-0136,Pasig City,Metro Manila,SKU-SSD-012,External SSD,1,9781,Silver,2026-07-06,2026-07-08
ORD-1137,CUST-0137,Cagayan de Oro,Mindanao,SKU-ROUTER-010,WiFi Router,2,17515,Platinum,2026-07-01,2026-07-02
ORD-1138,CUST-0138,Pasig City,Metro Manila,SKU-MONITOR-005,27-inch Monitor,1,14181,Silver,2026-07-06,2026-07-08
ORD-1139,CUST-0139,Tagaytay,Luzon,SKU-PHONE-002,Smartphone X,1,27722,Bronze,2026-07-06,2026-07-09
ORD-1140,CUST-0140,Bacolod City,Visayas,SKU-KEYBOARD-007,Mechanical Keyboard,5,30301,Bronze,2026-07-02,2026-07-04
ORD-1141,CUST-0141,Manila,Metro Manila,SKU-MONITOR-005,27-inch Monitor,1,14106,Bronze,2026-07-06,2026-07-09
ORD-1142,CUST-0142,Zamboanga City,Mindanao,SKU-PRINTER-009,Office Printer,2,36108,Silver,2026-07-04,2026-07-05
ORD-1143,CUST-0143,Makati City,Metro Manila,SKU-KEYBOARD-007,Mechanical Keyboard,1,6352,Platinum,2026-07-04,2026-07-07
ORD-1144,CUST-0144,Baguio City,Luzon,SKU-MONITOR-005,27-inch Monitor,1,15561,Bronze,2026-07-04,2026-07-05
ORD-1145,CUST-0145,Clark,Luzon,SKU-SSD-012,External SSD,3,30180,Bronze,2026-06-30,2026-07-02
ORD-1146,CUST-0146,Tagaytay,Luzon,SKU-PHONE-002,Smartphone X,1,29435,Silver,2026-07-04,2026-07-06
ORD-1147,CUST-0147,Pasig City,Metro Manila,SKU-PRINTER-009,Office Printer,2,33844,Silver,2026-07-02,2026-07-07
ORD-1148,CUST-0148,Manila,Metro Manila,SKU-HEADSET-004,Wireless Headset,1,4719,Silver,2026-07-01,2026-07-04
ORD-1149,CUST-0149,Pasig City,Metro Manila,SKU-TABLET-003,Tablet Air,4,92292,Gold,2026-07-06,2026-07-10
ORD-1150,CUST-0150,Clark,Luzon,SKU-SPEAKER-011,Bluetooth Speaker,4,29708,Silver,2026-07-04,2026-07-08
ORD-1151,CUST-0151,Manila,Metro Manila,SKU-MOUSE-008,Gaming Mouse,1,3594,Silver,2026-07-03,2026-07-07
ORD-1152,CUST-0152,General Santos,Mindanao,SKU-PRINTER-009,Office Printer,1,17988,Silver,2026-06-29,2026-06-30
ORD-1153,CUST-0153,Pasig City,Metro Manila,SKU-SPEAKER-011,Bluetooth Speaker,3,22076,Platinum,2026-07-05,2026-07-07
ORD-1154,CUST-0154,Makati City,Metro Manila,SKU-MOUSE-008,Gaming Mouse,3,10624,Silver,2026-07-02,2026-07-04
ORD-1155,CUST-0155,Manila,Metro Manila,SKU-LAPTOP-001,Laptop Pro 14,1,46126,Gold,2026-07-04,2026-07-09
ORD-1156,CUST-0156,Cebu City,Visayas,SKU-LAPTOP-001,Laptop Pro 14,1,49405,Silver,2026-07-06,2026-07-09
ORD-1157,CUST-0157,General Santos,Mindanao,SKU-CAMERA-006,Action Camera,3,111946,Silver,2026-07-04,2026-07-07
ORD-1158,CUST-0158,Cagayan de Oro,Mindanao,SKU-PHONE-002,Smartphone X,1,29234,Silver,2026-07-05,2026-07-07
ORD-1159,CUST-0159,Manila,Metro Manila,SKU-CAMERA-006,Action Camera,1,40376,Gold,2026-07-04,2026-07-06
ORD-1160,CUST-0160,Zamboanga City,Mindanao,SKU-TABLET-003,Tablet Air,2,45480,Platinum,2026-07-03,2026-07-06
ORD-1161,CUST-0161,Cagayan de Oro,Mindanao,SKU-TABLET-003,Tablet Air,2,44221,Gold,2026-06-30,2026-07-03
ORD-1162,CUST-0162,General Santos,Mindanao,SKU-LAPTOP-001,Laptop Pro 14,1,50380,Bronze,2026-07-02,2026-07-04
ORD-1163,CUST-0163,Iloilo City,Visayas,SKU-HEADSET-004,Wireless Headset,5,21670,Bronze,2026-07-03,2026-07-07
ORD-1164,CUST-0164,San Fernando,Luzon,SKU-SSD-012,External SSD,3,30292,Bronze,2026-07-04,2026-07-08
ORD-1165,CUST-0165,Zamboanga City,Mindanao,SKU-TABLET-003,Tablet Air,1,21024,Gold,2026-07-01,2026-07-04
ORD-1166,CUST-0166,General Santos,Mindanao,SKU-SPEAKER-011,Bluetooth Speaker,2,15147,Platinum,2026-07-03,2026-07-07
ORD-1167,CUST-0167,Bacolod City,Visayas,SKU-PRINTER-009,Office Printer,1,16578,Platinum,2026-07-06,2026-07-11
ORD-1168,CUST-0168,Clark,Luzon,SKU-MOUSE-008,Gaming Mouse,2,7393,Gold,2026-07-05,2026-07-10
ORD-1169,CUST-0169,Manila,Metro Manila,SKU-MONITOR-005,27-inch Monitor,1,13968,Silver,2026-07-04,2026-07-07
ORD-1170,CUST-0170,Tagaytay,Luzon,SKU-PHONE-002,Smartphone X,1,28468,Gold,2026-07-03,2026-07-05
ORD-1171,CUST-0171,Baguio City,Luzon,SKU-PHONE-002,Smartphone X,4,119947,Bronze,2026-07-06,2026-07-10
ORD-1172,CUST-0172,Baguio City,Luzon,SKU-LAPTOP-001,Laptop Pro 14,1,47939,Silver,2026-07-05,2026-07-10
ORD-1173,CUST-0173,Quezon City,Metro Manila,SKU-CAMERA-006,Action Camera,4,150990,Gold,2026-07-04,2026-07-08
ORD-1174,CUST-0174,Davao City,Mindanao,SKU-MOUSE-008,Gaming Mouse,2,6654,Bronze,2026-07-06,2026-07-08
ORD-1175,CUST-0175,Pasig City,Metro Manila,SKU-LAPTOP-001,Laptop Pro 14,1,47397,Gold,2026-07-05,2026-07-06
ORD-1176,CUST-0176,Davao City,Mindanao,SKU-PHONE-002,Smartphone X,1,29645,Silver,2026-07-06,2026-07-07
ORD-1177,CUST-0177,Batangas City,Luzon,SKU-ROUTER-010,WiFi Router,1,8396,Gold,2026-07-02,2026-07-05
ORD-1178,CUST-0178,Quezon City,Metro Manila,SKU-ROUTER-010,WiFi Router,1,8169,Silver,2026-07-01,2026-07-04
ORD-1179,CUST-0179,General Santos,Mindanao,SKU-PHONE-002,Smartphone X,4,113245,Silver,2026-06-29,2026-07-01
ORD-1180,CUST-0180,Zamboanga City,Mindanao,SKU-CAMERA-006,Action Camera,1,40766,Bronze,2026-06-30,2026-07-02
ORD-1181,CUST-0181,Taguig City,Metro Manila,SKU-ROUTER-010,WiFi Router,2,16898,Silver,2026-06-29,2026-07-01
ORD-1182,CUST-0182,Cebu City,Visayas,SKU-SPEAKER-011,Bluetooth Speaker,1,6899,Gold,2026-07-01,2026-07-05
ORD-1183,CUST-0183,Clark,Luzon,SKU-LAPTOP-001,Laptop Pro 14,1,47569,Bronze,2026-07-02,2026-07-06
ORD-1184,CUST-0184,Davao City,Mindanao,SKU-PRINTER-009,Office Printer,1,17814,Gold,2026-07-06,2026-07-08
ORD-1185,CUST-0185,Iloilo City,Visayas,SKU-MONITOR-005,27-inch Monitor,1,15281,Gold,2026-07-04,2026-07-06
ORD-1186,CUST-0186,Baguio City,Luzon,SKU-KEYBOARD-007,Mechanical Keyboard,2,12081,Platinum,2026-07-05,2026-07-07
ORD-1187,CUST-0187,Batangas City,Luzon,SKU-CAMERA-006,Action Camera,4,149800,Silver,2026-06-30,2026-07-03
ORD-1188,CUST-0188,Cebu City,Visayas,SKU-PRINTER-009,Office Printer,1,16827,Bronze,2026-07-04,2026-07-07
ORD-1189,CUST-0189,Baguio City,Luzon,SKU-TABLET-003,Tablet Air,2,47014,Silver,2026-06-29,2026-07-02
ORD-1190,CUST-0190,Baguio City,Luzon,SKU-MONITOR-005,27-inch Monitor,2,29953,Gold,2026-06-29,2026-06-30
ORD-1191,CUST-0191,General Santos,Mindanao,SKU-PRINTER-009,Office Printer,3,52478,Gold,2026-06-29,2026-06-30
ORD-1192,CUST-0192,Clark,Luzon,SKU-LAPTOP-001,Laptop Pro 14,1,51524,Bronze,2026-07-04,2026-07-06
ORD-1193,CUST-0193,Makati City,Metro Manila,SKU-ROUTER-010,WiFi Router,1,8918,Silver,2026-07-04,2026-07-06
ORD-1194,CUST-0194,Manila,Metro Manila,SKU-PRINTER-009,Office Printer,1,16400,Silver,2026-07-03,2026-07-05
ORD-1195,CUST-0195,Cebu City,Visayas,SKU-MOUSE-008,Gaming Mouse,1,3443,Platinum,2026-06-30,2026-07-02
ORD-1196,CUST-0196,Clark,Luzon,SKU-HEADSET-004,Wireless Headset,5,21772,Silver,2026-07-06,2026-07-08
ORD-1197,CUST-0197,Pasig City,Metro Manila,SKU-MOUSE-008,Gaming Mouse,1,3765,Gold,2026-06-30,2026-07-04
ORD-1198,CUST-0198,Cagayan de Oro,Mindanao,SKU-SPEAKER-011,Bluetooth Speaker,1,7636,Bronze,2026-07-03,2026-07-07
ORD-1199,CUST-0199,Cebu City,Visayas,SKU-CAMERA-006,Action Camera,1,38250,Bronze,2026-07-02,2026-07-06
ORD-1200,CUST-0200,Batangas City,Luzon,SKU-LAPTOP-001,Laptop Pro 14,1,49042,Silver,2026-07-06,2026-07-10
ORD-1201,CUST-0201,Pasig City,Metro Manila,SKU-PHONE-002,Smartphone X,1,29399,Platinum,2026-07-06,2026-07-09
ORD-1202,CUST-0202,Pasig City,Metro Manila,SKU-TABLET-003,Tablet Air,5,111898,Gold,2026-07-06,2026-07-08
ORD-1203,CUST-0203,Manila,Metro Manila,SKU-PRINTER-009,Office Printer,2,36325,Bronze,2026-07-01,2026-07-03
ORD-1204,CUST-0204,Makati City,Metro Manila,SKU-PHONE-002,Smartphone X,1,29181,Silver,2026-07-01,2026-07-03
ORD-1205,CUST-0205,General Santos,Mindanao,SKU-PRINTER-009,Office Printer,3,54790,Gold,2026-07-03,2026-07-04
ORD-1206,CUST-0206,Tacloban City,Visayas,SKU-TABLET-003,Tablet Air,2,42764,Gold,2026-06-30,2026-07-03
ORD-1207,CUST-0207,Manila,Metro Manila,SKU-TABLET-003,Tablet Air,2,45023,Gold,2026-07-04,2026-07-08
ORD-1208,CUST-0208,Quezon City,Metro Manila,SKU-PHONE-002,Smartphone X,1,29391,Gold,2026-07-03,2026-07-06
ORD-1209,CUST-0209,Baguio City,Luzon,SKU-ROUTER-010,WiFi Router,2,16817,Silver,2026-07-03,2026-07-06
ORD-1210,CUST-0210,Bacolod City,Visayas,SKU-SPEAKER-011,Bluetooth Speaker,1,7229,Silver,2026-06-29,2026-06-30
ORD-1211,CUST-0211,Clark,Luzon,SKU-HEADSET-004,Wireless Headset,1,4778,Bronze,2026-07-04,2026-07-07
ORD-1212,CUST-0212,Zamboanga City,Mindanao,SKU-TABLET-003,Tablet Air,2,44468,Silver,2026-06-30,2026-07-02
ORD-1213,CUST-0213,Tacloban City,Visayas,SKU-MOUSE-008,Gaming Mouse,1,3718,Bronze,2026-07-03,2026-07-08
ORD-1214,CUST-0214,Baguio City,Luzon,SKU-HEADSET-004,Wireless Headset,4,18787,Platinum,2026-07-04,2026-07-09
ORD-1215,CUST-0215,Iloilo City,Visayas,SKU-TABLET-003,Tablet Air,1,22322,Silver,2026-07-06,2026-07-10
ORD-1216,CUST-0216,Pasig City,Metro Manila,SKU-KEYBOARD-007,Mechanical Keyboard,1,5929,Platinum,2026-07-02,2026-07-05
ORD-1217,CUST-0217,Davao City,Mindanao,SKU-MOUSE-008,Gaming Mouse,2,6657,Gold,2026-07-06,2026-07-08
ORD-1218,CUST-0218,Taguig City,Metro Manila,SKU-KEYBOARD-007,Mechanical Keyboard,1,6184,Silver,2026-07-04,2026-07-08
ORD-1219,CUST-0219,Zamboanga City,Mindanao,SKU-LAPTOP-001,Laptop Pro 14,2,97493,Bronze,2026-07-03,2026-07-04
ORD-1220,CUST-0220,San Fernando,Luzon,SKU-MONITOR-005,27-inch Monitor,3,41871,Gold,2026-06-30,2026-07-01
ORD-1221,CUST-0221,General Santos,Mindanao,SKU-CAMERA-006,Action Camera,2,79262,Silver,2026-07-01,2026-07-02
ORD-1222,CUST-0222,Tagaytay,Luzon,SKU-LAPTOP-001,Laptop Pro 14,1,48840,Bronze,2026-07-04,2026-07-08
ORD-1223,CUST-0223,Manila,Metro Manila,SKU-ROUTER-010,WiFi Router,3,27508,Bronze,2026-07-04,2026-07-05
ORD-1224,CUST-0224,Davao City,Mindanao,SKU-ROUTER-010,WiFi Router,1,8406,Gold,2026-07-06,2026-07-09
ORD-1225,CUST-0225,Quezon City,Metro Manila,SKU-CAMERA-006,Action Camera,1,41089,Bronze,2026-07-05,2026-07-08
ORD-1226,CUST-0226,Quezon City,Metro Manila,SKU-ROUTER-010,WiFi Router,1,8719,Platinum,2026-07-02,2026-07-05
ORD-1227,CUST-0227,Cebu City,Visayas,SKU-PRINTER-009,Office Printer,2,35308,Gold,2026-07-05,2026-07-06
ORD-1228,CUST-0228,Makati City,Metro Manila,SKU-ROUTER-010,WiFi Router,4,34151,Bronze,2026-06-29,2026-07-01
ORD-1229,CUST-0229,Baguio City,Luzon,SKU-SSD-012,External SSD,1,10247,Silver,2026-07-06,2026-07-10
ORD-1230,CUST-0230,Makati City,Metro Manila,SKU-SSD-012,External SSD,1,9919,Bronze,2026-07-04,2026-07-09
ORD-1231,CUST-0231,Zamboanga City,Mindanao,SKU-CAMERA-006,Action Camera,4,161906,Silver,2026-07-04,2026-07-07
ORD-1232,CUST-0232,Tacloban City,Visayas,SKU-ROUTER-010,WiFi Router,1,8323,Platinum,2026-07-03,2026-07-06
ORD-1233,CUST-0233,Davao City,Mindanao,SKU-MONITOR-005,27-inch Monitor,2,28864,Gold,2026-07-06,2026-07-08
ORD-1234,CUST-0234,Tacloban City,Visayas,SKU-MONITOR-005,27-inch Monitor,1,14518,Gold,2026-07-05,2026-07-09
ORD-1235,CUST-0235,General Santos,Mindanao,SKU-TABLET-003,Tablet Air,1,22165,Silver,2026-06-30,2026-07-02
ORD-1236,CUST-0236,Tacloban City,Visayas,SKU-SSD-012,External SSD,1,10196,Bronze,2026-07-03,2026-07-08
ORD-1237,CUST-0237,Manila,Metro Manila,SKU-PHONE-002,Smartphone X,2,59789,Silver,2026-07-02,2026-07-03
ORD-1238,CUST-0238,Bacolod City,Visayas,SKU-SPEAKER-011,Bluetooth Speaker,1,6934,Bronze,2026-07-04,2026-07-07
ORD-1239,CUST-0239,Manila,Metro Manila,SKU-LAPTOP-001,Laptop Pro 14,4,205738,Platinum,2026-07-01,2026-07-03
ORD-1240,CUST-0240,Batangas City,Luzon,SKU-MOUSE-008,Gaming Mouse,2,7237,Gold,2026-07-03,2026-07-05
ORD-1241,CUST-0241,Pasig City,Metro Manila,SKU-SPEAKER-011,Bluetooth Speaker,2,14007,Silver,2026-06-29,2026-07-04
ORD-1242,CUST-0242,Cebu City,Visayas,SKU-LAPTOP-001,Laptop Pro 14,5,251368,Silver,2026-07-06,2026-07-07
ORD-1243,CUST-0243,Davao City,Mindanao,SKU-LAPTOP-001,Laptop Pro 14,1,47690,Silver,2026-06-30,2026-07-05
ORD-1244,CUST-0244,Clark,Luzon,SKU-SPEAKER-011,Bluetooth Speaker,1,7278,Silver,2026-07-01,2026-07-05
ORD-1245,CUST-0245,Iloilo City,Visayas,SKU-PHONE-002,Smartphone X,1,26651,Gold,2026-07-03,2026-07-06
ORD-1246,CUST-0246,Cagayan de Oro,Mindanao,SKU-MONITOR-005,27-inch Monitor,2,29957,Gold,2026-07-01,2026-07-04
ORD-1247,CUST-0247,Zamboanga City,Mindanao,SKU-KEYBOARD-007,Mechanical Keyboard,1,6003,Bronze,2026-06-30,2026-07-01
ORD-1248,CUST-0248,Cagayan de Oro,Mindanao,SKU-HEADSET-004,Wireless Headset,1,4833,Silver,2026-07-06,2026-07-10
ORD-1249,CUST-0249,Davao City,Mindanao,SKU-ROUTER-010,WiFi Router,2,16287,Bronze,2026-07-04,2026-07-07
ORD-1250,CUST-0250,Taguig City,Metro Manila,SKU-MOUSE-008,Gaming Mouse,1,3615,Silver,2026-07-03,2026-07-06
ORD-1251,CUST-0251,Davao City,Mindanao,SKU-CAMERA-006,Action Camera,2,78713,Bronze,2026-07-01,2026-07-03
ORD-1252,CUST-0252,General Santos,Mindanao,SKU-KEYBOARD-007,Mechanical Keyboard,2,12876,Platinum,2026-07-02,2026-07-06
ORD-1253,CUST-0253,Pasig City,Metro Manila,SKU-PRINTER-009,Office Printer,1,16397,Gold,2026-06-30,2026-07-05
ORD-1254,CUST-0254,San Fernando,Luzon,SKU-PRINTER-009,Office Printer,1,17299,Silver,2026-07-01,2026-07-03
ORD-1255,CUST-0255,Taguig City,Metro Manila,SKU-SPEAKER-011,Bluetooth Speaker,1,7256,Silver,2026-06-30,2026-07-04
ORD-1256,CUST-0256,Makati City,Metro Manila,SKU-MOUSE-008,Gaming Mouse,1,3631,Silver,2026-06-29,2026-07-02
ORD-1257,CUST-0257,Davao City,Mindanao,SKU-SSD-012,External SSD,1,10046,Silver,2026-06-29,2026-07-02
ORD-1258,CUST-0258,Makati City,Metro Manila,SKU-KEYBOARD-007,Mechanical Keyboard,1,5945,Bronze,2026-06-29,2026-07-04
ORD-1259,CUST-0259,Batangas City,Luzon,SKU-LAPTOP-001,Laptop Pro 14,1,51704,Bronze,2026-07-01,2026-07-05
ORD-1260,CUST-0260,Baguio City,Luzon,SKU-CAMERA-006,Action Camera,5,202557,Silver,2026-07-05,2026-07-07
ORD-1261,CUST-0261,San Fernando,Luzon,SKU-TABLET-003,Tablet Air,2,44048,Silver,2026-07-01,2026-07-06
ORD-1262,CUST-0262,Manila,Metro Manila,SKU-SSD-012,External SSD,5,49499,Gold,2026-06-29,2026-07-04
ORD-1263,CUST-0263,San Fernando,Luzon,SKU-KEYBOARD-007,Mechanical Keyboard,1,6015,Gold,2026-07-02,2026-07-04
ORD-1264,CUST-0264,Iloilo City,Visayas,SKU-SSD-012,External SSD,2,21005,Bronze,2026-07-05,2026-07-08
ORD-1265,CUST-0265,Quezon City,Metro Manila,SKU-HEADSET-004,Wireless Headset,1,4668,Bronze,2026-06-29,2026-07-01
ORD-1266,CUST-0266,Makati City,Metro Manila,SKU-HEADSET-004,Wireless Headset,2,9432,Silver,2026-07-02,2026-07-05
ORD-1267,CUST-0267,Makati City,Metro Manila,SKU-TABLET-003,Tablet Air,1,23109,Silver,2026-07-04,2026-07-07
ORD-1268,CUST-0268,Cagayan de Oro,Mindanao,SKU-HEADSET-004,Wireless Headset,1,4435,Bronze,2026-07-02,2026-07-04
ORD-1269,CUST-0269,San Fernando,Luzon,SKU-ROUTER-010,WiFi Router,3,24380,Platinum,2026-07-05,2026-07-08
ORD-1270,CUST-0270,General Santos,Mindanao,SKU-SPEAKER-011,Bluetooth Speaker,2,14444,Gold,2026-07-04,2026-07-07
ORD-1271,CUST-0271,Davao City,Mindanao,SKU-KEYBOARD-007,Mechanical Keyboard,1,6132,Silver,2026-07-02,2026-07-06
ORD-1272,CUST-0272,Manila,Metro Manila,SKU-MOUSE-008,Gaming Mouse,3,10158,Silver,2026-07-05,2026-07-08
ORD-1273,CUST-0273,Bacolod City,Visayas,SKU-MONITOR-005,27-inch Monitor,1,13949,Gold,2026-07-06,2026-07-10
ORD-1274,CUST-0274,Iloilo City,Visayas,SKU-LAPTOP-001,Laptop Pro 14,1,46774,Gold,2026-06-29,2026-07-03
ORD-1275,CUST-0275,San Fernando,Luzon,SKU-HEADSET-004,Wireless Headset,1,4806,Platinum,2026-07-04,2026-07-06
ORD-1276,CUST-0276,Iloilo City,Visayas,SKU-HEADSET-004,Wireless Headset,4,18727,Bronze,2026-07-06,2026-07-11
ORD-1277,CUST-0277,Iloilo City,Visayas,SKU-KEYBOARD-007,Mechanical Keyboard,3,18960,Silver,2026-07-03,2026-07-05
ORD-1278,CUST-0278,General Santos,Mindanao,SKU-MONITOR-005,27-inch Monitor,1,15288,Silver,2026-07-06,2026-07-08
ORD-1279,CUST-0279,Batangas City,Luzon,SKU-CAMERA-006,Action Camera,3,124292,Silver,2026-07-05,2026-07-06
ORD-1280,CUST-0280,Manila,Metro Manila,SKU-LAPTOP-001,Laptop Pro 14,1,46824,Platinum,2026-07-05,2026-07-07
ORD-1281,CUST-0281,Bacolod City,Visayas,SKU-KEYBOARD-007,Mechanical Keyboard,2,13104,Bronze,2026-07-04,2026-07-06
ORD-1282,CUST-0282,Batangas City,Luzon,SKU-MOUSE-008,Gaming Mouse,1,3573,Gold,2026-07-01,2026-07-02
ORD-1283,CUST-0283,Cebu City,Visayas,SKU-PRINTER-009,Office Printer,5,81571,Platinum,2026-06-29,2026-07-03
ORD-1284,CUST-0284,Makati City,Metro Manila,SKU-LAPTOP-001,Laptop Pro 14,1,46542,Gold,2026-07-02,2026-07-03
ORD-1285,CUST-0285,Iloilo City,Visayas,SKU-PRINTER-009,Office Printer,1,16184,Bronze,2026-07-06,2026-07-09
ORD-1286,CUST-0286,San Fernando,Luzon,SKU-PRINTER-009,Office Printer,1,16783,Bronze,2026-07-03,2026-07-06
ORD-1287,CUST-0287,Tagaytay,Luzon,SKU-SSD-012,External SSD,2,18865,Gold,2026-07-01,2026-07-02
ORD-1288,CUST-0288,Manila,Metro Manila,SKU-HEADSET-004,Wireless Headset,1,4507,Silver,2026-07-04,2026-07-06
ORD-1289,CUST-0289,General Santos,Mindanao,SKU-KEYBOARD-007,Mechanical Keyboard,1,6557,Bronze,2026-07-02,2026-07-04
ORD-1290,CUST-0290,Pasig City,Metro Manila,SKU-SPEAKER-011,Bluetooth Speaker,5,35974,Gold,2026-06-29,2026-06-30
ORD-1291,CUST-0291,San Fernando,Luzon,SKU-MOUSE-008,Gaming Mouse,1,3709,Bronze,2026-07-01,2026-07-02
ORD-1292,CUST-0292,Cagayan de Oro,Mindanao,SKU-ROUTER-010,WiFi Router,5,45354,Platinum,2026-06-29,2026-07-01
ORD-1293,CUST-0293,Batangas City,Luzon,SKU-MONITOR-005,27-inch Monitor,1,14837,Bronze,2026-07-03,2026-07-07
ORD-1294,CUST-0294,Makati City,Metro Manila,SKU-TABLET-003,Tablet Air,4,92205,Silver,2026-07-02,2026-07-05
ORD-1295,CUST-0295,Zamboanga City,Mindanao,SKU-PHONE-002,Smartphone X,1,28567,Silver,2026-07-05,2026-07-08
ORD-1296,CUST-0296,Zamboanga City,Mindanao,SKU-SSD-012,External SSD,1,10551,Platinum,2026-06-30,2026-07-03
ORD-1297,CUST-0297,Makati City,Metro Manila,SKU-PHONE-002,Smartphone X,1,28834,Gold,2026-07-04,2026-07-07
ORD-1298,CUST-0298,Zamboanga City,Mindanao,SKU-CAMERA-006,Action Camera,1,38853,Silver,2026-07-06,2026-07-08
ORD-1299,CUST-0299,Zamboanga City,Mindanao,SKU-KEYBOARD-007,Mechanical Keyboard,1,6388,Silver,2026-07-05,2026-07-06
ORD-1300,CUST-0300,Bacolod City,Visayas,SKU-SSD-012,External SSD,1,10117,Silver,2026-07-05,2026-07-08
ORD-1301,CUST-0301,Zamboanga City,Mindanao,SKU-CAMERA-006,Action Camera,1,40910,Bronze,2026-07-03,2026-07-05
ORD-1302,CUST-0302,Taguig City,Metro Manila,SKU-TABLET-003,Tablet Air,1,21156,Silver,2026-07-05,2026-07-06
ORD-1303,CUST-0303,San Fernando,Luzon,SKU-PHONE-002,Smartphone X,2,56212,Gold,2026-07-05,2026-07-06
ORD-1304,CUST-0304,Pasig City,Metro Manila,SKU-SSD-012,External SSD,3,28578,Platinum,2026-07-02,2026-07-05
ORD-1305,CUST-0305,Zamboanga City,Mindanao,SKU-TABLET-003,Tablet Air,1,21378,Silver,2026-07-06,2026-07-07
ORD-1306,CUST-0306,Tacloban City,Visayas,SKU-KEYBOARD-007,Mechanical Keyboard,1,6088,Gold,2026-07-04,2026-07-06
ORD-1307,CUST-0307,Batangas City,Luzon,SKU-ROUTER-010,WiFi Router,2,18246,Silver,2026-07-01,2026-07-03
ORD-1308,CUST-0308,Cagayan de Oro,Mindanao,SKU-ROUTER-010,WiFi Router,1,8976,Platinum,2026-07-06,2026-07-08
ORD-1309,CUST-0309,Manila,Metro Manila,SKU-MONITOR-005,27-inch Monitor,1,14109,Platinum,2026-07-02,2026-07-04
ORD-1310,CUST-0310,Zamboanga City,Mindanao,SKU-CAMERA-006,Action Camera,1,41014,Gold,2026-07-06,2026-07-11
ORD-1311,CUST-0311,Cagayan de Oro,Mindanao,SKU-KEYBOARD-007,Mechanical Keyboard,1,6344,Gold,2026-07-04,2026-07-05
ORD-1312,CUST-0312,San Fernando,Luzon,SKU-TABLET-003,Tablet Air,2,42999,Silver,2026-07-06,2026-07-11
ORD-1313,CUST-0313,Davao City,Mindanao,SKU-SSD-012,External SSD,1,9487,Gold,2026-07-05,2026-07-08
ORD-1314,CUST-0314,Davao City,Mindanao,SKU-HEADSET-004,Wireless Headset,1,4318,Bronze,2026-07-05,2026-07-09
ORD-1315,CUST-0315,Batangas City,Luzon,SKU-ROUTER-010,WiFi Router,1,8948,Silver,2026-07-05,2026-07-08
ORD-1316,CUST-0316,General Santos,Mindanao,SKU-SSD-012,External SSD,3,28878,Silver,2026-06-30,2026-07-01
ORD-1317,CUST-0317,General Santos,Mindanao,SKU-TABLET-003,Tablet Air,2,43696,Bronze,2026-07-05,2026-07-10
ORD-1318,CUST-0318,Baguio City,Luzon,SKU-PHONE-002,Smartphone X,1,28023,Silver,2026-07-02,2026-07-04
ORD-1319,CUST-0319,Tagaytay,Luzon,SKU-TABLET-003,Tablet Air,1,23532,Bronze,2026-06-30,2026-07-02
ORD-1320,CUST-0320,Pasig City,Metro Manila,SKU-PHONE-002,Smartphone X,3,84772,Gold,2026-07-04,2026-07-06
ORD-1321,CUST-0321,Iloilo City,Visayas,SKU-PRINTER-009,Office Printer,1,17149,Silver,2026-07-06,2026-07-09
ORD-1322,CUST-0322,Pasig City,Metro Manila,SKU-MONITOR-005,27-inch Monitor,1,14996,Gold,2026-06-29,2026-07-03
ORD-1323,CUST-0323,Cebu City,Visayas,SKU-SSD-012,External SSD,1,9853,Bronze,2026-07-01,2026-07-03
ORD-1324,CUST-0324,Clark,Luzon,SKU-HEADSET-004,Wireless Headset,2,9055,Gold,2026-07-01,2026-07-04
ORD-1325,CUST-0325,Quezon City,Metro Manila,SKU-SSD-012,External SSD,2,20415,Bronze,2026-07-05,2026-07-07
ORD-1326,CUST-0326,Iloilo City,Visayas,SKU-MONITOR-005,27-inch Monitor,2,30564,Gold,2026-06-30,2026-07-03
ORD-1327,CUST-0327,San Fernando,Luzon,SKU-TABLET-003,Tablet Air,1,23367,Bronze,2026-06-30,2026-07-02
ORD-1328,CUST-0328,Tagaytay,Luzon,SKU-SPEAKER-011,Bluetooth Speaker,1,7165,Silver,2026-07-05,2026-07-08
ORD-1329,CUST-0329,Clark,Luzon,SKU-ROUTER-010,WiFi Router,1,8727,Gold,2026-07-03,2026-07-08
ORD-1330,CUST-0330,Manila,Metro Manila,SKU-CAMERA-006,Action Camera,1,37766,Silver,2026-07-01,2026-07-03
ORD-1331,CUST-0331,Zamboanga City,Mindanao,SKU-KEYBOARD-007,Mechanical Keyboard,2,12804,Silver,2026-07-05,2026-07-06
ORD-1332,CUST-0332,Cebu City,Visayas,SKU-PRINTER-009,Office Printer,1,17146,Silver,2026-07-01,2026-07-03
ORD-1333,CUST-0333,Makati City,Metro Manila,SKU-CAMERA-006,Action Camera,4,167746,Silver,2026-07-02,2026-07-06
ORD-1334,CUST-0334,Tagaytay,Luzon,SKU-SPEAKER-011,Bluetooth Speaker,1,7255,Gold,2026-07-05,2026-07-08
ORD-1335,CUST-0335,Cebu City,Visayas,SKU-PHONE-002,Smartphone X,2,55200,Gold,2026-07-02,2026-07-04
ORD-1336,CUST-0336,San Fernando,Luzon,SKU-MONITOR-005,27-inch Monitor,1,13988,Silver,2026-07-06,2026-07-09
ORD-1337,CUST-0337,Taguig City,Metro Manila,SKU-MONITOR-005,27-inch Monitor,2,30403,Gold,2026-07-04,2026-07-07
ORD-1338,CUST-0338,Clark,Luzon,SKU-PRINTER-009,Office Printer,1,18358,Silver,2026-07-02,2026-07-04
ORD-1339,CUST-0339,Clark,Luzon,SKU-MONITOR-005,27-inch Monitor,1,13996,Gold,2026-07-06,2026-07-10
ORD-1340,CUST-0340,Bacolod City,Visayas,SKU-HEADSET-004,Wireless Headset,3,13896,Silver,2026-07-04,2026-07-08
ORD-1341,CUST-0341,Baguio City,Luzon,SKU-TABLET-003,Tablet Air,2,45060,Gold,2026-07-02,2026-07-06
ORD-1342,CUST-0342,San Fernando,Luzon,SKU-MONITOR-005,27-inch Monitor,2,28557,Bronze,2026-07-03,2026-07-05
ORD-1343,CUST-0343,Tagaytay,Luzon,SKU-SPEAKER-011,Bluetooth Speaker,3,23306,Bronze,2026-07-05,2026-07-10
ORD-1344,CUST-0344,Manila,Metro Manila,SKU-SSD-012,External SSD,3,30840,Bronze,2026-07-04,2026-07-08
ORD-1345,CUST-0345,Zamboanga City,Mindanao,SKU-MOUSE-008,Gaming Mouse,1,3359,Gold,2026-07-05,2026-07-07
ORD-1346,CUST-0346,Pasig City,Metro Manila,SKU-KEYBOARD-007,Mechanical Keyboard,1,6283,Silver,2026-07-04,2026-07-06
ORD-1347,CUST-0347,Quezon City,Metro Manila,SKU-SSD-012,External SSD,1,10323,Platinum,2026-07-04,2026-07-08
ORD-1348,CUST-0348,Zamboanga City,Mindanao,SKU-HEADSET-004,Wireless Headset,4,19038,Gold,2026-07-06,2026-07-08
ORD-1349,CUST-0349,Cagayan de Oro,Mindanao,SKU-PRINTER-009,Office Printer,2,36252,Silver,2026-07-06,2026-07-10
ORD-1350,CUST-0350,Makati City,Metro Manila,SKU-LAPTOP-001,Laptop Pro 14,1,51399,Gold,2026-07-06,2026-07-07
ORD-1351,CUST-0351,Cebu City,Visayas,SKU-MOUSE-008,Gaming Mouse,1,3638,Platinum,2026-07-05,2026-07-07
ORD-1352,CUST-0352,Manila,Metro Manila,SKU-SPEAKER-011,Bluetooth Speaker,1,7177,Platinum,2026-07-03,2026-07-04
ORD-1353,CUST-0353,Pasig City,Metro Manila,SKU-CAMERA-006,Action Camera,2,77197,Gold,2026-06-29,2026-07-01
ORD-1354,CUST-0354,Bacolod City,Visayas,SKU-KEYBOARD-007,Mechanical Keyboard,2,11905,Gold,2026-06-29,2026-07-01
ORD-1355,CUST-0355,Bacolod City,Visayas,SKU-PRINTER-009,Office Printer,2,36667,Bronze,2026-07-04,2026-07-08
ORD-1356,CUST-0356,Baguio City,Luzon,SKU-SSD-012,External SSD,1,10336,Bronze,2026-07-05,2026-07-06
ORD-1357,CUST-0357,Taguig City,Metro Manila,SKU-CAMERA-006,Action Camera,1,40868,Silver,2026-07-05,2026-07-09
ORD-1358,CUST-0358,Manila,Metro Manila,SKU-SPEAKER-011,Bluetooth Speaker,5,34968,Bronze,2026-06-29,2026-07-02
ORD-1359,CUST-0359,General Santos,Mindanao,SKU-SSD-012,External SSD,1,9873,Gold,2026-07-05,2026-07-08
ORD-1360,CUST-0360,Iloilo City,Visayas,SKU-PHONE-002,Smartphone X,3,83993,Bronze,2026-06-30,2026-07-03
ORD-1361,CUST-0361,Baguio City,Luzon,SKU-CAMERA-006,Action Camera,2,80194,Bronze,2026-06-30,2026-07-02
ORD-1362,CUST-0362,Davao City,Mindanao,SKU-SSD-012,External SSD,1,10083,Gold,2026-07-03,2026-07-05
ORD-1363,CUST-0363,Iloilo City,Visayas,SKU-SSD-012,External SSD,1,9453,Gold,2026-07-02,2026-07-04
ORD-1364,CUST-0364,Batangas City,Luzon,SKU-SPEAKER-011,Bluetooth Speaker,2,15428,Silver,2026-06-29,2026-07-04
ORD-1365,CUST-0365,Manila,Metro Manila,SKU-KEYBOARD-007,Mechanical Keyboard,3,18087,Silver,2026-07-04,2026-07-07
ORD-1366,CUST-0366,Batangas City,Luzon,SKU-PHONE-002,Smartphone X,1,29958,Bronze,2026-07-03,2026-07-05
ORD-1367,CUST-0367,Zamboanga City,Mindanao,SKU-PRINTER-009,Office Printer,1,17039,Gold,2026-07-05,2026-07-07
ORD-1368,CUST-0368,San Fernando,Luzon,SKU-PRINTER-009,Office Printer,2,36370,Silver,2026-07-03,2026-07-04
ORD-1369,CUST-0369,Manila,Metro Manila,SKU-PRINTER-009,Office Printer,1,17116,Silver,2026-06-30,2026-07-02
ORD-1370,CUST-0370,Bacolod City,Visayas,SKU-LAPTOP-001,Laptop Pro 14,1,49399,Platinum,2026-06-30,2026-07-02
ORD-1371,CUST-0371,Davao City,Mindanao,SKU-SPEAKER-011,Bluetooth Speaker,2,13936,Gold,2026-06-30,2026-07-01
ORD-1372,CUST-0372,Quezon City,Metro Manila,SKU-TABLET-003,Tablet Air,1,21263,Silver,2026-07-03,2026-07-04
ORD-1373,CUST-0373,Tacloban City,Visayas,SKU-SSD-012,External SSD,3,29570,Gold,2026-06-29,2026-07-01
ORD-1374,CUST-0374,Tagaytay,Luzon,SKU-PHONE-002,Smartphone X,1,28459,Platinum,2026-06-30,2026-07-02
ORD-1375,CUST-0375,Makati City,Metro Manila,SKU-MOUSE-008,Gaming Mouse,3,10115,Bronze,2026-07-01,2026-07-03
ORD-1376,CUST-0376,Taguig City,Metro Manila,SKU-HEADSET-004,Wireless Headset,2,9101,Bronze,2026-06-29,2026-07-01
ORD-1377,CUST-0377,Zamboanga City,Mindanao,SKU-TABLET-003,Tablet Air,1,23513,Platinum,2026-06-29,2026-07-02
ORD-1378,CUST-0378,Baguio City,Luzon,SKU-HEADSET-004,Wireless Headset,1,4320,Silver,2026-07-04,2026-07-06
ORD-1379,CUST-0379,General Santos,Mindanao,SKU-PHONE-002,Smartphone X,1,28477,Platinum,2026-07-01,2026-07-03
ORD-1380,CUST-0380,Makati City,Metro Manila,SKU-KEYBOARD-007,Mechanical Keyboard,1,6140,Silver,2026-07-03,2026-07-07
ORD-1381,CUST-0381,Pasig City,Metro Manila,SKU-PRINTER-009,Office Printer,1,16821,Silver,2026-07-03,2026-07-06
ORD-1382,CUST-0382,Bacolod City,Visayas,SKU-MOUSE-008,Gaming Mouse,1,3573,Platinum,2026-07-02,2026-07-05
ORD-1383,CUST-0383,Bacolod City,Visayas,SKU-TABLET-003,Tablet Air,1,22718,Silver,2026-07-02,2026-07-05
ORD-1384,CUST-0384,Quezon City,Metro Manila,SKU-CAMERA-006,Action Camera,1,39736,Gold,2026-07-03,2026-07-04
ORD-1385,CUST-0385,Bacolod City,Visayas,SKU-KEYBOARD-007,Mechanical Keyboard,1,5964,Bronze,2026-07-01,2026-07-04
ORD-1386,CUST-0386,Bacolod City,Visayas,SKU-PRINTER-009,Office Printer,1,16337,Platinum,2026-07-06,2026-07-11
ORD-1387,CUST-0387,Taguig City,Metro Manila,SKU-PRINTER-009,Office Printer,1,16287,Gold,2026-06-30,2026-07-03
ORD-1388,CUST-0388,Manila,Metro Manila,SKU-HEADSET-004,Wireless Headset,1,4705,Platinum,2026-07-05,2026-07-08
ORD-1389,CUST-0389,Cagayan de Oro,Mindanao,SKU-MOUSE-008,Gaming Mouse,1,3675,Bronze,2026-07-02,2026-07-03
ORD-1390,CUST-0390,Taguig City,Metro Manila,SKU-TABLET-003,Tablet Air,1,22432,Silver,2026-07-04,2026-07-06
ORD-1391,CUST-0391,Iloilo City,Visayas,SKU-MOUSE-008,Gaming Mouse,1,3692,Silver,2026-06-30,2026-07-01
ORD-1392,CUST-0392,Davao City,Mindanao,SKU-SSD-012,External SSD,2,20432,Bronze,2026-07-04,2026-07-05
ORD-1393,CUST-0393,General Santos,Mindanao,SKU-KEYBOARD-007,Mechanical Keyboard,1,6030,Gold,2026-07-03,2026-07-07
ORD-1394,CUST-0394,Zamboanga City,Mindanao,SKU-MOUSE-008,Gaming Mouse,2,7381,Silver,2026-06-30,2026-07-02
ORD-1395,CUST-0395,Manila,Metro Manila,SKU-PHONE-002,Smartphone X,1,29598,Gold,2026-07-02,2026-07-03
ORD-1396,CUST-0396,General Santos,Mindanao,SKU-SPEAKER-011,Bluetooth Speaker,2,13820,Gold,2026-07-03,2026-07-08
ORD-1397,CUST-0397,Pasig City,Metro Manila,SKU-HEADSET-004,Wireless Headset,3,14311,Silver,2026-07-01,2026-07-02
ORD-1398,CUST-0398,Cagayan de Oro,Mindanao,SKU-PHONE-002,Smartphone X,1,28176,Silver,2026-07-01,2026-07-06
ORD-1399,CUST-0399,Zamboanga City,Mindanao,SKU-MOUSE-008,Gaming Mouse,1,3738,Gold,2026-07-01,2026-07-03
ORD-1400,CUST-0400,Tacloban City,Visayas,SKU-MONITOR-005,27-inch Monitor,1,14715,Bronze,2026-07-02,2026-07-05
ORD-1401,CUST-0401,San Fernando,Luzon,SKU-MOUSE-008,Gaming Mouse,1,3617,Silver,2026-07-01,2026-07-03
ORD-1402,CUST-0402,Tagaytay,Luzon,SKU-HEADSET-004,Wireless Headset,2,9464,Gold,2026-06-29,2026-07-04
ORD-1403,CUST-0403,General Santos,Mindanao,SKU-MOUSE-008,Gaming Mouse,1,3406,Silver,2026-07-04,2026-07-06
ORD-1404,CUST-0404,Cagayan de Oro,Mindanao,SKU-ROUTER-010,WiFi Router,1,9170,Platinum,2026-07-03,2026-07-04
ORD-1405,CUST-0405,Tagaytay,Luzon,SKU-CAMERA-006,Action Camera,2,80760,Platinum,2026-07-01,2026-07-02
ORD-1406,CUST-0406,Tacloban City,Visayas,SKU-PRINTER-009,Office Printer,3,54733,Platinum,2026-06-29,2026-07-03
ORD-1407,CUST-0407,Zamboanga City,Mindanao,SKU-CAMERA-006,Action Camera,4,160216,Platinum,2026-07-01,2026-07-02
ORD-1408,CUST-0408,General Santos,Mindanao,SKU-ROUTER-010,WiFi Router,1,8282,Gold,2026-07-01,2026-07-04
ORD-1409,CUST-0409,Batangas City,Luzon,SKU-PRINTER-009,Office Printer,1,17479,Silver,2026-06-30,2026-07-01
ORD-1410,CUST-0410,Quezon City,Metro Manila,SKU-PRINTER-009,Office Printer,1,16903,Silver,2026-07-02,2026-07-06
ORD-1411,CUST-0411,Cebu City,Visayas,SKU-CAMERA-006,Action Camera,1,41341,Bronze,2026-07-01,2026-07-05
ORD-1412,CUST-0412,General Santos,Mindanao,SKU-PHONE-002,Smartphone X,1,27825,Platinum,2026-07-05,2026-07-08
ORD-1413,CUST-0413,Cagayan de Oro,Mindanao,SKU-TABLET-003,Tablet Air,5,118237,Gold,2026-07-05,2026-07-09
ORD-1414,CUST-0414,Cagayan de Oro,Mindanao,SKU-TABLET-003,Tablet Air,2,45168,Silver,2026-07-04,2026-07-06
ORD-1415,CUST-0415,Cebu City,Visayas,SKU-KEYBOARD-007,Mechanical Keyboard,1,5891,Gold,2026-07-01,2026-07-02
ORD-1416,CUST-0416,Zamboanga City,Mindanao,SKU-ROUTER-010,WiFi Router,1,8190,Gold,2026-07-02,2026-07-05
ORD-1417,CUST-0417,Batangas City,Luzon,SKU-TABLET-003,Tablet Air,1,21380,Bronze,2026-07-04,2026-07-09
ORD-1418,CUST-0418,Pasig City,Metro Manila,SKU-SSD-012,External SSD,2,19295,Gold,2026-07-04,2026-07-06
ORD-1419,CUST-0419,Bacolod City,Visayas,SKU-SSD-012,External SSD,1,9371,Silver,2026-06-30,2026-07-03
ORD-1420,CUST-0420,Clark,Luzon,SKU-SSD-012,External SSD,1,9792,Bronze,2026-07-05,2026-07-07
ORD-1421,CUST-0421,San Fernando,Luzon,SKU-KEYBOARD-007,Mechanical Keyboard,1,5949,Silver,2026-07-02,2026-07-03
ORD-1422,CUST-0422,Makati City,Metro Manila,SKU-MONITOR-005,27-inch Monitor,1,14095,Silver,2026-06-30,2026-07-01
ORD-1423,CUST-0423,Zamboanga City,Mindanao,SKU-TABLET-003,Tablet Air,2,47435,Silver,2026-06-30,2026-07-02
ORD-1424,CUST-0424,Batangas City,Luzon,SKU-SSD-012,External SSD,1,9863,Platinum,2026-07-01,2026-07-04
ORD-1425,CUST-0425,Makati City,Metro Manila,SKU-PHONE-002,Smartphone X,1,29228,Platinum,2026-07-05,2026-07-08
ORD-1426,CUST-0426,San Fernando,Luzon,SKU-MONITOR-005,27-inch Monitor,2,29705,Silver,2026-06-30,2026-07-01
ORD-1427,CUST-0427,Batangas City,Luzon,SKU-TABLET-003,Tablet Air,1,22793,Bronze,2026-06-30,2026-07-02
ORD-1428,CUST-0428,Batangas City,Luzon,SKU-HEADSET-004,Wireless Headset,1,4552,Bronze,2026-07-03,2026-07-08
ORD-1429,CUST-0429,Taguig City,Metro Manila,SKU-MONITOR-005,27-inch Monitor,2,29601,Silver,2026-07-03,2026-07-04
ORD-1430,CUST-0430,Cebu City,Visayas,SKU-CAMERA-006,Action Camera,3,117838,Silver,2026-07-06,2026-07-07
ORD-1431,CUST-0431,Tacloban City,Visayas,SKU-HEADSET-004,Wireless Headset,3,13996,Silver,2026-07-01,2026-07-05
ORD-1432,CUST-0432,Pasig City,Metro Manila,SKU-SPEAKER-011,Bluetooth Speaker,1,7626,Silver,2026-07-02,2026-07-05
ORD-1433,CUST-0433,Tagaytay,Luzon,SKU-KEYBOARD-007,Mechanical Keyboard,4,24319,Gold,2026-07-06,2026-07-09
ORD-1434,CUST-0434,Davao City,Mindanao,SKU-PHONE-002,Smartphone X,1,29877,Platinum,2026-06-29,2026-07-02
ORD-1435,CUST-0435,Manila,Metro Manila,SKU-PHONE-002,Smartphone X,4,118171,Silver,2026-07-01,2026-07-06
ORD-1436,CUST-0436,Manila,Metro Manila,SKU-LAPTOP-001,Laptop Pro 14,1,50732,Platinum,2026-07-05,2026-07-07
ORD-1437,CUST-0437,Manila,Metro Manila,SKU-ROUTER-010,WiFi Router,1,8689,Platinum,2026-06-30,2026-07-01
ORD-1438,CUST-0438,San Fernando,Luzon,SKU-CAMERA-006,Action Camera,3,120626,Silver,2026-06-29,2026-07-03
ORD-1439,CUST-0439,Tagaytay,Luzon,SKU-KEYBOARD-007,Mechanical Keyboard,1,6343,Bronze,2026-06-30,2026-07-05
ORD-1440,CUST-0440,Taguig City,Metro Manila,SKU-MONITOR-005,27-inch Monitor,3,45027,Platinum,2026-07-05,2026-07-07
ORD-1441,CUST-0441,Batangas City,Luzon,SKU-LAPTOP-001,Laptop Pro 14,1,51150,Silver,2026-07-05,2026-07-06
ORD-1442,CUST-0442,Cagayan de Oro,Mindanao,SKU-SSD-012,External SSD,1,9335,Gold,2026-07-03,2026-07-07
ORD-1443,CUST-0443,Davao City,Mindanao,SKU-MONITOR-005,27-inch Monitor,1,14204,Silver,2026-06-30,2026-07-05
ORD-1444,CUST-0444,Davao City,Mindanao,SKU-SSD-012,External SSD,1,10080,Gold,2026-07-03,2026-07-06
ORD-1445,CUST-0445,Pasig City,Metro Manila,SKU-HEADSET-004,Wireless Headset,1,4719,Platinum,2026-07-05,2026-07-08
ORD-1446,CUST-0446,General Santos,Mindanao,SKU-LAPTOP-001,Laptop Pro 14,1,48117,Bronze,2026-07-03,2026-07-06
ORD-1447,CUST-0447,Tagaytay,Luzon,SKU-ROUTER-010,WiFi Router,1,8350,Bronze,2026-07-02,2026-07-06
ORD-1448,CUST-0448,Clark,Luzon,SKU-LAPTOP-001,Laptop Pro 14,3,145490,Gold,2026-07-03,2026-07-05
ORD-1449,CUST-0449,Zamboanga City,Mindanao,SKU-SPEAKER-011,Bluetooth Speaker,4,29584,Gold,2026-07-02,2026-07-04
ORD-1450,CUST-0450,Cebu City,Visayas,SKU-MOUSE-008,Gaming Mouse,2,6885,Silver,2026-07-01,2026-07-05
ORD-1451,CUST-0451,Pasig City,Metro Manila,SKU-MONITOR-005,27-inch Monitor,1,14995,Bronze,2026-07-02,2026-07-06
ORD-1452,CUST-0452,Iloilo City,Visayas,SKU-MONITOR-005,27-inch Monitor,2,28048,Silver,2026-06-29,2026-07-01
ORD-1453,CUST-0453,Cebu City,Visayas,SKU-ROUTER-010,WiFi Router,3,26576,Bronze,2026-07-03,2026-07-06
ORD-1454,CUST-0454,Tacloban City,Visayas,SKU-KEYBOARD-007,Mechanical Keyboard,3,18798,Platinum,2026-07-06,2026-07-08
ORD-1455,CUST-0455,Tagaytay,Luzon,SKU-ROUTER-010,WiFi Router,1,8731,Bronze,2026-07-04,2026-07-07
ORD-1456,CUST-0456,Davao City,Mindanao,SKU-MONITOR-005,27-inch Monitor,2,29965,Silver,2026-07-04,2026-07-09
ORD-1457,CUST-0457,Tacloban City,Visayas,SKU-MONITOR-005,27-inch Monitor,2,29500,Platinum,2026-07-03,2026-07-04
ORD-1458,CUST-0458,Bacolod City,Visayas,SKU-LAPTOP-001,Laptop Pro 14,3,149543,Gold,2026-07-05,2026-07-08
ORD-1459,CUST-0459,Quezon City,Metro Manila,SKU-SPEAKER-011,Bluetooth Speaker,1,7529,Silver,2026-07-05,2026-07-07
ORD-1460,CUST-0460,Iloilo City,Visayas,SKU-CAMERA-006,Action Camera,2,80912,Bronze,2026-07-06,2026-07-11
ORD-1461,CUST-0461,Tagaytay,Luzon,SKU-MONITOR-005,27-inch Monitor,3,43987,Gold,2026-07-01,2026-07-03
ORD-1462,CUST-0462,Tacloban City,Visayas,SKU-SSD-012,External SSD,3,31368,Gold,2026-07-01,2026-07-06
ORD-1463,CUST-0463,Pasig City,Metro Manila,SKU-HEADSET-004,Wireless Headset,1,4793,Gold,2026-07-03,2026-07-05
ORD-1464,CUST-0464,General Santos,Mindanao,SKU-MONITOR-005,27-inch Monitor,2,30816,Silver,2026-06-30,2026-07-02
ORD-1465,CUST-0465,Pasig City,Metro Manila,SKU-MOUSE-008,Gaming Mouse,3,10538,Silver,2026-07-05,2026-07-08
ORD-1466,CUST-0466,Manila,Metro Manila,SKU-TABLET-003,Tablet Air,5,116832,Silver,2026-07-06,2026-07-07
ORD-1467,CUST-0467,Cebu City,Visayas,SKU-PHONE-002,Smartphone X,1,26811,Gold,2026-07-01,2026-07-03
ORD-1468,CUST-0468,Clark,Luzon,SKU-MONITOR-005,27-inch Monitor,1,15214,Gold,2026-07-01,2026-07-03
ORD-1469,CUST-0469,Pasig City,Metro Manila,SKU-TABLET-003,Tablet Air,2,44530,Gold,2026-07-05,2026-07-07
ORD-1470,CUST-0470,Quezon City,Metro Manila,SKU-LAPTOP-001,Laptop Pro 14,1,50322,Gold,2026-06-29,2026-07-03
ORD-1471,CUST-0471,Tagaytay,Luzon,SKU-HEADSET-004,Wireless Headset,1,4788,Bronze,2026-07-02,2026-07-04
ORD-1472,CUST-0472,Davao City,Mindanao,SKU-TABLET-003,Tablet Air,1,23256,Silver,2026-07-03,2026-07-04
ORD-1473,CUST-0473,Davao City,Mindanao,SKU-MONITOR-005,27-inch Monitor,1,15069,Silver,2026-07-04,2026-07-06
ORD-1474,CUST-0474,Manila,Metro Manila,SKU-CAMERA-006,Action Camera,5,208239,Silver,2026-07-02,2026-07-03
ORD-1475,CUST-0475,Zamboanga City,Mindanao,SKU-LAPTOP-001,Laptop Pro 14,1,45736,Gold,2026-07-01,2026-07-03
ORD-1476,CUST-0476,Tagaytay,Luzon,SKU-TABLET-003,Tablet Air,1,22731,Gold,2026-06-29,2026-07-01
ORD-1477,CUST-0477,San Fernando,Luzon,SKU-ROUTER-010,WiFi Router,1,8096,Platinum,2026-06-30,2026-07-03
ORD-1478,CUST-0478,Taguig City,Metro Manila,SKU-KEYBOARD-007,Mechanical Keyboard,1,6013,Bronze,2026-07-03,2026-07-05
ORD-1479,CUST-0479,Quezon City,Metro Manila,SKU-MONITOR-005,27-inch Monitor,1,15095,Bronze,2026-07-03,2026-07-06
ORD-1480,CUST-0480,Baguio City,Luzon,SKU-PHONE-002,Smartphone X,1,26986,Gold,2026-07-03,2026-07-04
ORD-1481,CUST-0481,Iloilo City,Visayas,SKU-ROUTER-010,WiFi Router,1,8527,Silver,2026-07-02,2026-07-04
ORD-1482,CUST-0482,Cebu City,Visayas,SKU-LAPTOP-001,Laptop Pro 14,1,45617,Platinum,2026-07-06,2026-07-08
ORD-1483,CUST-0483,Pasig City,Metro Manila,SKU-PHONE-002,Smartphone X,3,88312,Gold,2026-07-01,2026-07-06
ORD-1484,CUST-0484,Pasig City,Metro Manila,SKU-SSD-012,External SSD,2,21110,Platinum,2026-07-02,2026-07-04
ORD-1485,CUST-0485,Tacloban City,Visayas,SKU-MOUSE-008,Gaming Mouse,1,3488,Gold,2026-06-29,2026-07-03
ORD-1486,CUST-0486,Cagayan de Oro,Mindanao,SKU-KEYBOARD-007,Mechanical Keyboard,2,12003,Bronze,2026-06-29,2026-06-30
ORD-1487,CUST-0487,Cebu City,Visayas,SKU-CAMERA-006,Action Camera,1,37521,Silver,2026-07-03,2026-07-07
ORD-1488,CUST-0488,Cagayan de Oro,Mindanao,SKU-TABLET-003,Tablet Air,1,22003,Silver,2026-07-06,2026-07-08
ORD-1489,CUST-0489,Batangas City,Luzon,SKU-KEYBOARD-007,Mechanical Keyboard,2,12950,Gold,2026-06-30,2026-07-01
ORD-1490,CUST-0490,Cebu City,Visayas,SKU-PHONE-002,Smartphone X,1,27982,Silver,2026-07-06,2026-07-07
ORD-1491,CUST-0491,General Santos,Mindanao,SKU-ROUTER-010,WiFi Router,1,8614,Gold,2026-07-01,2026-07-03
ORD-1492,CUST-0492,Baguio City,Luzon,SKU-MOUSE-008,Gaming Mouse,1,3720,Silver,2026-07-04,2026-07-05
ORD-1493,CUST-0493,Tagaytay,Luzon,SKU-SSD-012,External SSD,2,20373,Silver,2026-07-04,2026-07-07
ORD-1494,CUST-0494,Taguig City,Metro Manila,SKU-KEYBOARD-007,Mechanical Keyboard,2,12813,Bronze,2026-07-04,2026-07-07
ORD-1495,CUST-0495,Manila,Metro Manila,SKU-PRINTER-009,Office Printer,3,49490,Gold,2026-06-29,2026-07-02
ORD-1496,CUST-0496,Batangas City,Luzon,SKU-MOUSE-008,Gaming Mouse,3,10426,Bronze,2026-07-06,2026-07-08
ORD-1497,CUST-0497,Tacloban City,Visayas,SKU-LAPTOP-001,Laptop Pro 14,1,47066,Silver,2026-07-05,2026-07-07
ORD-1498,CUST-0498,Clark,Luzon,SKU-MOUSE-008,Gaming Mouse,3,10137,Silver,2026-07-06,2026-07-08
ORD-1499,CUST-0499,Batangas City,Luzon,SKU-SSD-012,External SSD,2,20019,Bronze,2026-07-05,2026-07-06
ORD-1500,CUST-0500,Pasig City,Metro Manila,SKU-ROUTER-010,WiFi Router,4,34316,Gold,2026-07-02,2026-07-05
